web_scraper_order,web_scraper_start_url,item_link,title,price,images,title_list,price_list,image_list
"1773819692-1","https://www.hipflat.com/condo-for-rent/pattaya/south-pattaya","https://www.hipflat.com/ads/ul43lcat812hn373328lu2cu3u08t0nc","","","","For rent 2 bedrooms condo in Bang Lamung, Chonburi","฿50,000","https://img.hipcdn.com/eyJidWNrZXQiOiJwcmQtbGlmdWxsY29ubmVjdC1iYWNrZW5kLWIyYi1pbWFnZXMiLCJrZXkiOiJwcm9wZXJ0aWVzLzAxOWNiMzEwLTUwM2UtNzRmNS04Njg5LTgxZDhmNGVkYTczMS8wMTljYjM1MS02ZmEyLTcyMTEtOWMyZS01YzI1YTM4YWE1MGMuanBnIiwiYnJhbmQiOiJoaXBmbGF0IiwiZWRpdHMiOnsicm90YXRlIjpudWxsLCJyZXNpemUiOnsid2lkdGgiOjMyMCwiaGVpZ2h0IjoyNDAsImZpdCI6ImNvdmVyIn19fQ=="
"1773819697-2","https://www.hipflat.com/condo-for-rent/pattaya/south-pattaya","https://www.hipflat.com/ads/e8h400nh8888a7c8eul974c43u0hln18","","","","For rent 2 bedrooms condo in Bang Lamung, Chonburi","฿50,000","https://img.hipcdn.com/eyJidWNrZXQiOiJwcmQtbGlmdWxsY29ubmVjdC1iYWNrZW5kLWIyYi1pbWFnZXMiLCJrZXkiOiJwcm9wZXJ0aWVzLzAxOWNiMzEwLTUwM2UtNzRmNS04Njg5LTgxZDhmNGVkYTczMS8wMTljYjM1MS02ZmEyLTcyMTEtOWMyZS01YzI1YTM4YWE1MGMuanBnIiwiYnJhbmQiOiJoaXBmbGF0IiwiZWRpdHMiOnsicm90YXRlIjpudWxsLCJyZXNpemUiOnsid2lkdGgiOjMyMCwiaGVpZ2h0IjoyNDAsImZpdCI6ImNvdmVyIn19fQ=="
"1773819703-3","https://www.hipflat.com/condo-for-rent/pattaya/south-pattaya","https://www.hipflat.com/ads/2e730aul87clhlnc1th48h7e3u0hlt72","","","","For rent 2 bedrooms condo in Bang Lamung, Chonburi","฿50,000","https://img.hipcdn.com/eyJidWNrZXQiOiJwcmQtbGlmdWxsY29ubmVjdC1iYWNrZW5kLWIyYi1pbWFnZXMiLCJrZXkiOiJwcm9wZXJ0aWVzLzAxOWNiMzEwLTUwM2UtNzRmNS04Njg5LTgxZDhmNGVkYTczMS8wMTljYjM1MS02ZmEyLTcyMTEtOWMyZS01YzI1YTM4YWE1MGMuanBnIiwiYnJhbmQiOiJoaXBmbGF0IiwiZWRpdHMiOnsicm90YXRlIjpudWxsLCJyZXNpemUiOnsid2lkdGgiOjMyMCwiaGVpZ2h0IjoyNDAsImZpdCI6ImNvdmVyIn19fQ=="
"1773819708-4","https://www.hipflat.com/condo-for-rent/pattaya/south-pattaya","https://www.hipflat.com/ads/4384lt348394aul8et283t323u0hlt72","","","","For rent 2 bedrooms condo in Bang Lamung, Chonburi","฿50,000","https://img.hipcdn.com/eyJidWNrZXQiOiJwcmQtbGlmdWxsY29ubmVjdC1iYWNrZW5kLWIyYi1pbWFnZXMiLCJrZXkiOiJwcm9wZXJ0aWVzLzAxOWNiMzEwLTUwM2UtNzRmNS04Njg5LTgxZDhmNGVkYTczMS8wMTljYjM1MS02ZmEyLTcyMTEtOWMyZS01YzI1YTM4YWE1MGMuanBnIiwiYnJhbmQiOiJoaXBmbGF0IiwiZWRpdHMiOnsicm90YXRlIjpudWxsLCJyZXNpemUiOnsid2lkdGgiOjMyMCwiaGVpZ2h0IjoyNDAsImZpdCI6ImNvdmVyIn19fQ=="
"1773819714-5","https://www.hipflat.com/condo-for-rent/pattaya/south-pattaya","https://www.hipflat.com/ads/ltuet9he8clcu4he9827a1au3u0l80uc","","","","For rent 2 bedrooms condo in Bang Lamung, Chonburi","฿50,000","https://img.hipcdn.com/eyJidWNrZXQiOiJwcmQtbGlmdWxsY29ubmVjdC1iYWNrZW5kLWIyYi1pbWFnZXMiLCJrZXkiOiJwcm9wZXJ0aWVzLzAxOWNiMzEwLTUwM2UtNzRmNS04Njg5LTgxZDhmNGVkYTczMS8wMTljYjM1MS02ZmEyLTcyMTEtOWMyZS01YzI1YTM4YWE1MGMuanBnIiwiYnJhbmQiOiJoaXBmbGF0IiwiZWRpdHMiOnsicm90YXRlIjpudWxsLCJyZXNpemUiOnsid2lkdGgiOjMyMCwiaGVpZ2h0IjoyNDAsImZpdCI6ImNvdmVyIn19fQ=="
"1773819719-6","https://www.hipflat.com/condo-for-rent/pattaya/south-pattaya","https://www.hipflat.com/ads/8e3clat0889704ta302uhetc3u0hln17","","","","For rent 2 bedrooms condo in Bang Lamung, Chonburi","฿50,000","https://img.hipcdn.com/eyJidWNrZXQiOiJwcmQtbGlmdWxsY29ubmVjdC1iYWNrZW5kLWIyYi1pbWFnZXMiLCJrZXkiOiJwcm9wZXJ0aWVzLzAxOWNiMzEwLTUwM2UtNzRmNS04Njg5LTgxZDhmNGVkYTczMS8wMTljYjM1MS02ZmEyLTcyMTEtOWMyZS01YzI1YTM4YWE1MGMuanBnIiwiYnJhbmQiOiJoaXBmbGF0IiwiZWRpdHMiOnsicm90YXRlIjpudWxsLCJyZXNpemUiOnsid2lkdGgiOjMyMCwiaGVpZ2h0IjoyNDAsImZpdCI6ImNvdmVyIn19fQ=="
"1773819725-7","https://www.hipflat.com/condo-for-rent/pattaya/south-pattaya","https://www.hipflat.com/ads/8802t1la8788lt24uea3et8l3u0h4829","","","","For rent 2 bedrooms condo in Bang Lamung, Chonburi","฿50,000","https://img.hipcdn.com/eyJidWNrZXQiOiJwcmQtbGlmdWxsY29ubmVjdC1iYWNrZW5kLWIyYi1pbWFnZXMiLCJrZXkiOiJwcm9wZXJ0aWVzLzAxOWNiMzEwLTUwM2UtNzRmNS04Njg5LTgxZDhmNGVkYTczMS8wMTljYjM1MS02ZmEyLTcyMTEtOWMyZS01YzI1YTM4YWE1MGMuanBnIiwiYnJhbmQiOiJoaXBmbGF0IiwiZWRpdHMiOnsicm90YXRlIjpudWxsLCJyZXNpemUiOnsid2lkdGgiOjMyMCwiaGVpZ2h0IjoyNDAsImZpdCI6ImNvdmVyIn19fQ=="
"1773819732-8","https://www.hipflat.com/condo-for-rent/pattaya/south-pattaya","https://www.hipflat.com/ads/38e80c4h83lt89tc9nu7h7833u0hlt72","","","","For rent 2 bedrooms condo in Bang Lamung, Chonburi","฿50,000","https://img.hipcdn.com/eyJidWNrZXQiOiJwcmQtbGlmdWxsY29ubmVjdC1iYWNrZW5kLWIyYi1pbWFnZXMiLCJrZXkiOiJwcm9wZXJ0aWVzLzAxOWNiMzEwLTUwM2UtNzRmNS04Njg5LTgxZDhmNGVkYTczMS8wMTljYjM1MS02ZmEyLTcyMTEtOWMyZS01YzI1YTM4YWE1MGMuanBnIiwiYnJhbmQiOiJoaXBmbGF0IiwiZWRpdHMiOnsicm90YXRlIjpudWxsLCJyZXNpemUiOnsid2lkdGgiOjMyMCwiaGVpZ2h0IjoyNDAsImZpdCI6ImNvdmVyIn19fQ=="
"1773819737-9","https://www.hipflat.com/condo-for-rent/pattaya/south-pattaya","https://www.hipflat.com/ads/lca7le988c31e48a2910eecn3u0het32","","","","For rent 2 bedrooms condo in Bang Lamung, Chonburi","฿50,000","https://img.hipcdn.com/eyJidWNrZXQiOiJwcmQtbGlmdWxsY29ubmVjdC1iYWNrZW5kLWIyYi1pbWFnZXMiLCJrZXkiOiJwcm9wZXJ0aWVzLzAxOWNiMzEwLTUwM2UtNzRmNS04Njg5LTgxZDhmNGVkYTczMS8wMTljYjM1MS02ZmEyLTcyMTEtOWMyZS01YzI1YTM4YWE1MGMuanBnIiwiYnJhbmQiOiJoaXBmbGF0IiwiZWRpdHMiOnsicm90YXRlIjpudWxsLCJyZXNpemUiOnsid2lkdGgiOjMyMCwiaGVpZ2h0IjoyNDAsImZpdCI6ImNvdmVyIn19fQ=="
"1773819743-10","https://www.hipflat.com/condo-for-rent/pattaya/south-pattaya","https://www.hipflat.com/ads/lt00lhul8h4an4eaa3let1l03u0hln17","","","","For rent 2 bedrooms condo in Bang Lamung, Chonburi","฿50,000","https://img.hipcdn.com/eyJidWNrZXQiOiJwcmQtbGlmdWxsY29ubmVjdC1iYWNrZW5kLWIyYi1pbWFnZXMiLCJrZXkiOiJwcm9wZXJ0aWVzLzAxOWNiMzEwLTUwM2UtNzRmNS04Njg5LTgxZDhmNGVkYTczMS8wMTljYjM1MS02ZmEyLTcyMTEtOWMyZS01YzI1YTM4YWE1MGMuanBnIiwiYnJhbmQiOiJoaXBmbGF0IiwiZWRpdHMiOnsicm90YXRlIjpudWxsLCJyZXNpemUiOnsid2lkdGgiOjMyMCwiaGVpZ2h0IjoyNDAsImZpdCI6ImNvdmVyIn19fQ=="
"1773819749-11","https://www.hipflat.com/condo-for-rent/pattaya/south-pattaya","https://www.hipflat.com/ads/7l41l01887e414n97t070e3t3u0hln17","","","","For rent 2 bedrooms condo in Bang Lamung, Chonburi","฿50,000","https://img.hipcdn.com/eyJidWNrZXQiOiJwcmQtbGlmdWxsY29ubmVjdC1iYWNrZW5kLWIyYi1pbWFnZXMiLCJrZXkiOiJwcm9wZXJ0aWVzLzAxOWNiMzEwLTUwM2UtNzRmNS04Njg5LTgxZDhmNGVkYTczMS8wMTljYjM1MS02ZmEyLTcyMTEtOWMyZS01YzI1YTM4YWE1MGMuanBnIiwiYnJhbmQiOiJoaXBmbGF0IiwiZWRpdHMiOnsicm90YXRlIjpudWxsLCJyZXNpemUiOnsid2lkdGgiOjMyMCwiaGVpZ2h0IjoyNDAsImZpdCI6ImNvdmVyIn19fQ=="
"1773819754-12","https://www.hipflat.com/condo-for-rent/pattaya/south-pattaya","https://www.hipflat.com/ads/7nl9t8908tla18u8h8e7hh323u0hhaah","","","","For rent 2 bedrooms condo in Bang Lamung, Chonburi","฿50,000","https://img.hipcdn.com/eyJidWNrZXQiOiJwcmQtbGlmdWxsY29ubmVjdC1iYWNrZW5kLWIyYi1pbWFnZXMiLCJrZXkiOiJwcm9wZXJ0aWVzLzAxOWNiMzEwLTUwM2UtNzRmNS04Njg5LTgxZDhmNGVkYTczMS8wMTljYjM1MS02ZmEyLTcyMTEtOWMyZS01YzI1YTM4YWE1MGMuanBnIiwiYnJhbmQiOiJoaXBmbGF0IiwiZWRpdHMiOnsicm90YXRlIjpudWxsLCJyZXNpemUiOnsid2lkdGgiOjMyMCwiaGVpZ2h0IjoyNDAsImZpdCI6ImNvdmVyIn19fQ=="
"1773819760-13","https://www.hipflat.com/condo-for-rent/pattaya/south-pattaya","https://www.hipflat.com/ads/an2l0tt489ut32llnt4u93983u0h1n81","","","","For rent 2 bedrooms condo in Bang Lamung, Chonburi","฿50,000","https://img.hipcdn.com/eyJidWNrZXQiOiJwcmQtbGlmdWxsY29ubmVjdC1iYWNrZW5kLWIyYi1pbWFnZXMiLCJrZXkiOiJwcm9wZXJ0aWVzLzAxOWNiMzEwLTUwM2UtNzRmNS04Njg5LTgxZDhmNGVkYTczMS8wMTljYjM1MS02ZmEyLTcyMTEtOWMyZS01YzI1YTM4YWE1MGMuanBnIiwiYnJhbmQiOiJoaXBmbGF0IiwiZWRpdHMiOnsicm90YXRlIjpudWxsLCJyZXNpemUiOnsid2lkdGgiOjMyMCwiaGVpZ2h0IjoyNDAsImZpdCI6ImNvdmVyIn19fQ=="
"1773819766-14","https://www.hipflat.com/condo-for-rent/pattaya/south-pattaya","https://www.hipflat.com/ads/8c3tlh0l813480e1nc97un1h3u0h4237","","","","For rent 2 bedrooms condo in Bang Lamung, Chonburi","฿50,000","https://img.hipcdn.com/eyJidWNrZXQiOiJwcmQtbGlmdWxsY29ubmVjdC1iYWNrZW5kLWIyYi1pbWFnZXMiLCJrZXkiOiJwcm9wZXJ0aWVzLzAxOWNiMzEwLTUwM2UtNzRmNS04Njg5LTgxZDhmNGVkYTczMS8wMTljYjM1MS02ZmEyLTcyMTEtOWMyZS01YzI1YTM4YWE1MGMuanBnIiwiYnJhbmQiOiJoaXBmbGF0IiwiZWRpdHMiOnsicm90YXRlIjpudWxsLCJyZXNpemUiOnsid2lkdGgiOjMyMCwiaGVpZ2h0IjoyNDAsImZpdCI6ImNvdmVyIn19fQ=="
"1773819771-15","https://www.hipflat.com/condo-for-rent/pattaya/south-pattaya","https://www.hipflat.com/ads/0h08l10a80t8l1uh1u12au983u0h2u09","","","","For rent 2 bedrooms condo in Bang Lamung, Chonburi","฿50,000","https://img.hipcdn.com/eyJidWNrZXQiOiJwcmQtbGlmdWxsY29ubmVjdC1iYWNrZW5kLWIyYi1pbWFnZXMiLCJrZXkiOiJwcm9wZXJ0aWVzLzAxOWNiMzEwLTUwM2UtNzRmNS04Njg5LTgxZDhmNGVkYTczMS8wMTljYjM1MS02ZmEyLTcyMTEtOWMyZS01YzI1YTM4YWE1MGMuanBnIiwiYnJhbmQiOiJoaXBmbGF0IiwiZWRpdHMiOnsicm90YXRlIjpudWxsLCJyZXNpemUiOnsid2lkdGgiOjMyMCwiaGVpZ2h0IjoyNDAsImZpdCI6ImNvdmVyIn19fQ=="
"1773819777-16","https://www.hipflat.com/condo-for-rent/pattaya/south-pattaya","https://www.hipflat.com/ads/c3ual1448n7087783e8lut003u0h0e20","","","","For rent 2 bedrooms condo in Bang Lamung, Chonburi","฿50,000","https://img.hipcdn.com/eyJidWNrZXQiOiJwcmQtbGlmdWxsY29ubmVjdC1iYWNrZW5kLWIyYi1pbWFnZXMiLCJrZXkiOiJwcm9wZXJ0aWVzLzAxOWNiMzEwLTUwM2UtNzRmNS04Njg5LTgxZDhmNGVkYTczMS8wMTljYjM1MS02ZmEyLTcyMTEtOWMyZS01YzI1YTM4YWE1MGMuanBnIiwiYnJhbmQiOiJoaXBmbGF0IiwiZWRpdHMiOnsicm90YXRlIjpudWxsLCJyZXNpemUiOnsid2lkdGgiOjMyMCwiaGVpZ2h0IjoyNDAsImZpdCI6ImNvdmVyIn19fQ=="
"1773819783-17","https://www.hipflat.com/condo-for-rent/pattaya/south-pattaya","https://www.hipflat.com/ads/78u942l88ht72c3c43ct94093u0h2c89","","","","For rent 2 bedrooms condo in Bang Lamung, Chonburi","฿50,000","https://img.hipcdn.com/eyJidWNrZXQiOiJwcmQtbGlmdWxsY29ubmVjdC1iYWNrZW5kLWIyYi1pbWFnZXMiLCJrZXkiOiJwcm9wZXJ0aWVzLzAxOWNiMzEwLTUwM2UtNzRmNS04Njg5LTgxZDhmNGVkYTczMS8wMTljYjM1MS02ZmEyLTcyMTEtOWMyZS01YzI1YTM4YWE1MGMuanBnIiwiYnJhbmQiOiJoaXBmbGF0IiwiZWRpdHMiOnsicm90YXRlIjpudWxsLCJyZXNpemUiOnsid2lkdGgiOjMyMCwiaGVpZ2h0IjoyNDAsImZpdCI6ImNvdmVyIn19fQ=="
"1773819789-18","https://www.hipflat.com/condo-for-rent/pattaya/south-pattaya","https://www.hipflat.com/ads/h791l7ht8c1hlh4hauecne1e3u0hcch2","","","","For rent 2 bedrooms condo in Bang Lamung, Chonburi","฿50,000","https://img.hipcdn.com/eyJidWNrZXQiOiJwcmQtbGlmdWxsY29ubmVjdC1iYWNrZW5kLWIyYi1pbWFnZXMiLCJrZXkiOiJwcm9wZXJ0aWVzLzAxOWNiMzEwLTUwM2UtNzRmNS04Njg5LTgxZDhmNGVkYTczMS8wMTljYjM1MS02ZmEyLTcyMTEtOWMyZS01YzI1YTM4YWE1MGMuanBnIiwiYnJhbmQiOiJoaXBmbGF0IiwiZWRpdHMiOnsicm90YXRlIjpudWxsLCJyZXNpemUiOnsid2lkdGgiOjMyMCwiaGVpZ2h0IjoyNDAsImZpdCI6ImNvdmVyIn19fQ=="
"1773819794-19","https://www.hipflat.com/condo-for-rent/pattaya/south-pattaya","https://www.hipflat.com/ads/la31tuln87llhhe000130ht03u0hl900","","","","For rent 2 bedrooms condo in Bang Lamung, Chonburi","฿50,000","https://img.hipcdn.com/eyJidWNrZXQiOiJwcmQtbGlmdWxsY29ubmVjdC1iYWNrZW5kLWIyYi1pbWFnZXMiLCJrZXkiOiJwcm9wZXJ0aWVzLzAxOWNiMzEwLTUwM2UtNzRmNS04Njg5LTgxZDhmNGVkYTczMS8wMTljYjM1MS02ZmEyLTcyMTEtOWMyZS01YzI1YTM4YWE1MGMuanBnIiwiYnJhbmQiOiJoaXBmbGF0IiwiZWRpdHMiOnsicm90YXRlIjpudWxsLCJyZXNpemUiOnsid2lkdGgiOjMyMCwiaGVpZ2h0IjoyNDAsImZpdCI6ImNvdmVyIn19fQ=="
"1773819800-20","https://www.hipflat.com/condo-for-rent/pattaya/south-pattaya","https://www.hipflat.com/ads/38n1417h8tc2048h82entnen3u0hc1tu","","","","For rent 2 bedrooms condo in Bang Lamung, Chonburi","฿50,000","https://img.hipcdn.com/eyJidWNrZXQiOiJwcmQtbGlmdWxsY29ubmVjdC1iYWNrZW5kLWIyYi1pbWFnZXMiLCJrZXkiOiJwcm9wZXJ0aWVzLzAxOWNiMzEwLTUwM2UtNzRmNS04Njg5LTgxZDhmNGVkYTczMS8wMTljYjM1MS02ZmEyLTcyMTEtOWMyZS01YzI1YTM4YWE1MGMuanBnIiwiYnJhbmQiOiJoaXBmbGF0IiwiZWRpdHMiOnsicm90YXRlIjpudWxsLCJyZXNpemUiOnsid2lkdGgiOjMyMCwiaGVpZ2h0IjoyNDAsImZpdCI6ImNvdmVyIn19fQ=="
"1773819805-21","https://www.hipflat.com/condo-for-rent/pattaya/south-pattaya","https://www.hipflat.com/ads/l4elt39a8nl4a80et9n18c8n3u0hl900","","","","For rent 2 bedrooms condo in Bang Lamung, Chonburi","฿50,000","https://img.hipcdn.com/eyJidWNrZXQiOiJwcmQtbGlmdWxsY29ubmVjdC1iYWNrZW5kLWIyYi1pbWFnZXMiLCJrZXkiOiJwcm9wZXJ0aWVzLzAxOWNiMzEwLTUwM2UtNzRmNS04Njg5LTgxZDhmNGVkYTczMS8wMTljYjM1MS02ZmEyLTcyMTEtOWMyZS01YzI1YTM4YWE1MGMuanBnIiwiYnJhbmQiOiJoaXBmbGF0IiwiZWRpdHMiOnsicm90YXRlIjpudWxsLCJyZXNpemUiOnsid2lkdGgiOjMyMCwiaGVpZ2h0IjoyNDAsImZpdCI6ImNvdmVyIn19fQ=="
"1773819811-22","https://www.hipflat.com/condo-for-rent/pattaya/south-pattaya","https://www.hipflat.com/ads/7u9442lh8u8lcleh0n9n183n3u0hcnu0","","","","For rent 2 bedrooms condo in Bang Lamung, Chonburi","฿50,000","https://img.hipcdn.com/eyJidWNrZXQiOiJwcmQtbGlmdWxsY29ubmVjdC1iYWNrZW5kLWIyYi1pbWFnZXMiLCJrZXkiOiJwcm9wZXJ0aWVzLzAxOWNiMzEwLTUwM2UtNzRmNS04Njg5LTgxZDhmNGVkYTczMS8wMTljYjM1MS02ZmEyLTcyMTEtOWMyZS01YzI1YTM4YWE1MGMuanBnIiwiYnJhbmQiOiJoaXBmbGF0IiwiZWRpdHMiOnsicm90YXRlIjpudWxsLCJyZXNpemUiOnsid2lkdGgiOjMyMCwiaGVpZ2h0IjoyNDAsImZpdCI6ImNvdmVyIn19fQ=="
"1773819817-23","https://www.hipflat.com/condo-for-rent/pattaya/south-pattaya","https://www.hipflat.com/ads/u324098382aal48n7n29l3ln3u0h9tn9","","","","For rent 2 bedrooms condo in Bang Lamung, Chonburi","฿50,000","https://img.hipcdn.com/eyJidWNrZXQiOiJwcmQtbGlmdWxsY29ubmVjdC1iYWNrZW5kLWIyYi1pbWFnZXMiLCJrZXkiOiJwcm9wZXJ0aWVzLzAxOWNiMzEwLTUwM2UtNzRmNS04Njg5LTgxZDhmNGVkYTczMS8wMTljYjM1MS02ZmEyLTcyMTEtOWMyZS01YzI1YTM4YWE1MGMuanBnIiwiYnJhbmQiOiJoaXBmbGF0IiwiZWRpdHMiOnsicm90YXRlIjpudWxsLCJyZXNpemUiOnsid2lkdGgiOjMyMCwiaGVpZ2h0IjoyNDAsImZpdCI6ImNvdmVyIn19fQ=="
"1773819822-24","https://www.hipflat.com/condo-for-rent/pattaya/south-pattaya","https://www.hipflat.com/ads/e1tt02u88th7490u8aht993a3u0h9h20","","","","For rent 2 bedrooms condo in Bang Lamung, Chonburi","฿50,000","https://img.hipcdn.com/eyJidWNrZXQiOiJwcmQtbGlmdWxsY29ubmVjdC1iYWNrZW5kLWIyYi1pbWFnZXMiLCJrZXkiOiJwcm9wZXJ0aWVzLzAxOWNiMzEwLTUwM2UtNzRmNS04Njg5LTgxZDhmNGVkYTczMS8wMTljYjM1MS02ZmEyLTcyMTEtOWMyZS01YzI1YTM4YWE1MGMuanBnIiwiYnJhbmQiOiJoaXBmbGF0IiwiZWRpdHMiOnsicm90YXRlIjpudWxsLCJyZXNpemUiOnsid2lkdGgiOjMyMCwiaGVpZ2h0IjoyNDAsImZpdCI6ImNvdmVyIn19fQ=="
"1773819828-25","https://www.hipflat.com/condo-for-rent/pattaya/south-pattaya","https://www.hipflat.com/ads/0ll403an8el2lh22tl24ucun3u0h3t09","","","","For rent 2 bedrooms condo in Bang Lamung, Chonburi","฿50,000","https://img.hipcdn.com/eyJidWNrZXQiOiJwcmQtbGlmdWxsY29ubmVjdC1iYWNrZW5kLWIyYi1pbWFnZXMiLCJrZXkiOiJwcm9wZXJ0aWVzLzAxOWNiMzEwLTUwM2UtNzRmNS04Njg5LTgxZDhmNGVkYTczMS8wMTljYjM1MS02ZmEyLTcyMTEtOWMyZS01YzI1YTM4YWE1MGMuanBnIiwiYnJhbmQiOiJoaXBmbGF0IiwiZWRpdHMiOnsicm90YXRlIjpudWxsLCJyZXNpemUiOnsid2lkdGgiOjMyMCwiaGVpZ2h0IjoyNDAsImZpdCI6ImNvdmVyIn19fQ=="
"1773819834-26","https://www.hipflat.com/condo-for-rent/pattaya/south-pattaya","https://www.hipflat.com/ads/20e407ct811h8h1182380e2u3u072hlt","","","","For rent 2 bedrooms condo in Bang Lamung, Chonburi","฿50,000","https://img.hipcdn.com/eyJidWNrZXQiOiJwcmQtbGlmdWxsY29ubmVjdC1iYWNrZW5kLWIyYi1pbWFnZXMiLCJrZXkiOiJwcm9wZXJ0aWVzLzAxOWNiMzEwLTUwM2UtNzRmNS04Njg5LTgxZDhmNGVkYTczMS8wMTljYjM1MS02ZmEyLTcyMTEtOWMyZS01YzI1YTM4YWE1MGMuanBnIiwiYnJhbmQiOiJoaXBmbGF0IiwiZWRpdHMiOnsicm90YXRlIjpudWxsLCJyZXNpemUiOnsid2lkdGgiOjMyMCwiaGVpZ2h0IjoyNDAsImZpdCI6ImNvdmVyIn19fQ=="
"1773819839-27","https://www.hipflat.com/condo-for-rent/pattaya/south-pattaya","https://www.hipflat.com/ads/97n3l33e8aa94lth03a73lnc3u07n2ch","","","","For rent 2 bedrooms condo in Bang Lamung, Chonburi","฿50,000","https://img.hipcdn.com/eyJidWNrZXQiOiJwcmQtbGlmdWxsY29ubmVjdC1iYWNrZW5kLWIyYi1pbWFnZXMiLCJrZXkiOiJwcm9wZXJ0aWVzLzAxOWNiMzEwLTUwM2UtNzRmNS04Njg5LTgxZDhmNGVkYTczMS8wMTljYjM1MS02ZmEyLTcyMTEtOWMyZS01YzI1YTM4YWE1MGMuanBnIiwiYnJhbmQiOiJoaXBmbGF0IiwiZWRpdHMiOnsicm90YXRlIjpudWxsLCJyZXNpemUiOnsid2lkdGgiOjMyMCwiaGVpZ2h0IjoyNDAsImZpdCI6ImNvdmVyIn19fQ=="
"1773819849-28","https://www.hipflat.com/condo-for-rent/pattaya/south-pattaya","https://www.hipflat.com/ads/hn73l33e8aa9hl82u4etl3tl3u07n29l","","","","For rent 2 bedrooms condo in Bang Lamung, Chonburi","฿50,000","https://img.hipcdn.com/eyJidWNrZXQiOiJwcmQtbGlmdWxsY29ubmVjdC1iYWNrZW5kLWIyYi1pbWFnZXMiLCJrZXkiOiJwcm9wZXJ0aWVzLzAxOWNiMzEwLTUwM2UtNzRmNS04Njg5LTgxZDhmNGVkYTczMS8wMTljYjM1MS02ZmEyLTcyMTEtOWMyZS01YzI1YTM4YWE1MGMuanBnIiwiYnJhbmQiOiJoaXBmbGF0IiwiZWRpdHMiOnsicm90YXRlIjpudWxsLCJyZXNpemUiOnsid2lkdGgiOjMyMCwiaGVpZ2h0IjoyNDAsImZpdCI6ImNvdmVyIn19fQ=="
"1773819855-29","https://www.hipflat.com/condo-for-rent/pattaya/south-pattaya","https://www.hipflat.com/ads/l27n41028aalt038lecu1h813u08t4hh","","","","For rent 2 bedrooms condo in Bang Lamung, Chonburi","฿50,000","https://img.hipcdn.com/eyJidWNrZXQiOiJwcmQtbGlmdWxsY29ubmVjdC1iYWNrZW5kLWIyYi1pbWFnZXMiLCJrZXkiOiJwcm9wZXJ0aWVzLzAxOWNiMzEwLTUwM2UtNzRmNS04Njg5LTgxZDhmNGVkYTczMS8wMTljYjM1MS02ZmEyLTcyMTEtOWMyZS01YzI1YTM4YWE1MGMuanBnIiwiYnJhbmQiOiJoaXBmbGF0IiwiZWRpdHMiOnsicm90YXRlIjpudWxsLCJyZXNpemUiOnsid2lkdGgiOjMyMCwiaGVpZ2h0IjoyNDAsImZpdCI6ImNvdmVyIn19fQ=="
"1773819861-30","https://www.hipflat.com/condo-for-rent/pattaya/south-pattaya","https://www.hipflat.com/ads/e3nct7t0819etu2t91c2l8nu3u0h4nu3","","","","For rent 2 bedrooms condo in Bang Lamung, Chonburi","฿50,000","https://img.hipcdn.com/eyJidWNrZXQiOiJwcmQtbGlmdWxsY29ubmVjdC1iYWNrZW5kLWIyYi1pbWFnZXMiLCJrZXkiOiJwcm9wZXJ0aWVzLzAxOWNiMzEwLTUwM2UtNzRmNS04Njg5LTgxZDhmNGVkYTczMS8wMTljYjM1MS02ZmEyLTcyMTEtOWMyZS01YzI1YTM4YWE1MGMuanBnIiwiYnJhbmQiOiJoaXBmbGF0IiwiZWRpdHMiOnsicm90YXRlIjpudWxsLCJyZXNpemUiOnsid2lkdGgiOjMyMCwiaGVpZ2h0IjoyNDAsImZpdCI6ImNvdmVyIn19fQ=="
